seed,peakY,maxBankDrop,plannedJunctionSpread,uphillWater,maxWaterRise,headwaters,lakes,seconds,wet,centerSamples,lowDryBanks,bankSamples
12345,1432.000,4.63,0.571,0,0.00,151,708,4.84,66580,66580,2,16530
1,1432.000,0.00,0.620,0,0.00,156,634,3.75,64405,64405,0,15315
42,1432.000,3.43,0.806,0,0.00,166,672,4.07,72536,72536,1,16575
-987654321,1432.000,5.47,0.735,0,0.00,155,663,3.91,68656,68656,4,17005
0,1432.000,0.00,0.611,0,0.00,145,592,3.29,66305,66305,0,16416
2,1432.000,3.82,1.048,0,0.00,151,684,4.52,68283,68283,2,16844
3,1432.000,0.00,0.767,0,0.00,163,678,3.46,72410,72410,0,17221
4,1432.000,2.79,0.685,0,0.00,143,794,3.25,65836,65836,2,16397
5,1432.000,5.45,0.564,0,0.00,170,632,3.25,71029,71029,4,17480
6,1432.000,9.91,0.487,0,0.00,164,814,3.64,69867,69867,4,17469
777,1432.000,3.09,0.966,0,0.00,155,717,3.59,64423,64423,2,15948
20260930,1432.000,2.69,0.760,0,0.00,150,713,4.27,67474,67474,1,15907
9223372036854775807,1432.000,7.66,0.923,0,0.00,172,625,3.45,63672,63672,2,15894
-9223372036854775808,1432.000,4.23,0.539,0,0.00,163,728,3.16,69865,69865,2,17244
